i,doi,k,T,c,salt,c_unit,solvent_ratio_type,EC,PC,DMC,EMC,DEC,DME,DMSO,AN,MOEMC,TFP,EA,MA,FEC,DOL,MeTHF_2,DMM,Freon_11,Methylene_chloride,THF,Toluene,Sulfolane,Glyme_2,Glyme_3,Glyme_4,Me_3_Oxazolidinone_2,MeSulfolane_3,Ethyldiglyme,DMF,Ethylbenzene,Ethylmonoglyme,Benzene,g_Butyrolactone,Cumene,Propylsulfone,Pseudocumeme,TEOS,m_Xylene,o_Xylene
360,10.1016/S0378-7753(01)00697-8,0.346900385,248.15,0.201429182,LiAsF6,mol/kg,w,0.0,0.32,0.0,0.0,0.0,0.68,0,0,0,0.0,0.0,0.0,0.0,0.0,0.0,0.0,0.0,0.0,0.0,0.0,0.0,0.0,0.0,0.0,0,0.0,0.0,0,0.0,0.0,0.0,0.0,0.0,0.0,0.0,0,0.0,0.0
361,10.1016/S0378-7753(01)00697-8,0.428241617,258.15,0.198827338,LiAsF6,mol/kg,w,0.0,0.32,0.0,0.0,0.0,0.68,0,0,0,0.0,0.0,0.0,0.0,0.0,0.0,0.0,0.0,0.0,0.0,0.0,0.0,0.0,0.0,0.0,0,0.0,0.0,0,0.0,0.0,0.0,0.0,0.0,0.0,0.0,0,0.0,0.0
362,10.1016/S0378-7753(01)00697-8,0.505075429,268.15,0.19841202,LiAsF6,mol/kg,w,0.0,0.32,0.0,0.0,0.0,0.68,0,0,0,0.0,0.0,0.0,0.0,0.0,0.0,0.0,0.0,0.0,0.0,0.0,0.0,0.0,0.0,0.0,0,0.0,0.0,0,0.0,0.0,0.0,0.0,0.0,0.0,0.0,0,0.0,0.0
363,10.1016/S0378-7753(01)00697-8,0.586441092,278.15,0.200134368,LiAsF6,mol/kg,w,0.0,0.32,0.0,0.0,0.0,0.68,0,0,0,0.0,0.0,0.0,0.0,0.0,0.0,0.0,0.0,0.0,0.0,0.0,0.0,0.0,0.0,0.0,0,0.0,0.0,0,0.0,0.0,0.0,0.0,0.0,0.0,0.0,0,0.0,0.0
364,10.1016/S0378-7753(01)00697-8,0.658755268,288.15,0.19974348,LiAsF6,mol/kg,w,0.0,0.32,0.0,0.0,0.0,0.68,0,0,0,0.0,0.0,0.0,0.0,0.0,0.0,0.0,0.0,0.0,0.0,0.0,0.0,0.0,0.0,0.0,0,0.0,0.0,0,0.0,0.0,0.0,0.0,0.0,0.0,0.0,0,0.0,0.0
365,10.1016/S0378-7753(01)00697-8,0.735576864,298.15,0.197166066,LiAsF6,mol/kg,w,0.0,0.32,0.0,0.0,0.0,0.68,0,0,0,0.0,0.0,0.0,0.0,0.0,0.0,0.0,0.0,0.0,0.0,0.0,0.0,0.0,0.0,0.0,0,0.0,0.0,0,0.0,0.0,0.0,0.0,0.0,0.0,0.0,0,0.0,0.0
366,10.1016/S0378-7753(01)00697-8,0.481011421,248.15,0.339082636,LiAsF6,mol/kg,w,0.0,0.32,0.0,0.0,0.0,0.68,0,0,0,0.0,0.0,0.0,0.0,0.0,0.0,0.0,0.0,0.0,0.0,0.0,0.0,0.0,0.0,0.0,0,0.0,0.0,0,0.0,0.0,0.0,0.0,0.0,0.0,0.0,0,0.0,0.0
367,10.1016/S0378-7753(01)00697-8,0.582703231,258.15,0.338532951,LiAsF6,mol/kg,w,0.0,0.32,0.0,0.0,0.0,0.68,0,0,0,0.0,0.0,0.0,0.0,0.0,0.0,0.0,0.0,0.0,0.0,0.0,0.0,0.0,0.0,0.0,0,0.0,0.0,0,0.0,0.0,0.0,0.0,0.0,0.0,0.0,0,0.0,0.0
368,10.1016/S0378-7753(01)00697-8,0.704745618,268.15,0.340035424,LiAsF6,mol/kg,w,0.0,0.32,0.0,0.0,0.0,0.68,0,0,0,0.0,0.0,0.0,0.0,0.0,0.0,0.0,0.0,0.0,0.0,0.0,0.0,0.0,0.0,0.0,0,0.0,0.0,0,0.0,0.0,0.0,0.0,0.0,0.0,0.0,0,0.0,0.0
369,10.1016/S0378-7753(01)00697-8,0.822268369,278.15,0.341562328,LiAsF6,mol/kg,w,0.0,0.32,0.0,0.0,0.0,0.68,0,0,0,0.0,0.0,0.0,0.0,0.0,0.0,0.0,0.0,0.0,0.0,0.0,0.0,0.0,0.0,0.0,0,0.0,0.0,0,0.0,0.0,0.0,0.0,0.0,0.0,0.0,0,0.0,0.0
370,10.1016/S0378-7753(01)00697-8,0.94427411,288.15,0.336578513,LiAsF6,mol/kg,w,0.0,0.32,0.0,0.0,0.0,0.68,0,0,0,0.0,0.0,0.0,0.0,0.0,0.0,0.0,0.0,0.0,0.0,0.0,0.0,0.0,0.0,0.0,0,0.0,0.0,0,0.0,0.0,0.0,0.0,0.0,0.0,0.0,0,0.0,0.0
371,10.1016/S0378-7753(01)00697-8,1.064032248,298.15,0.33376901,LiAsF6,mol/kg,w,0.0,0.32,0.0,0.0,0.0,0.68,0,0,0,0.0,0.0,0.0,0.0,0.0,0.0,0.0,0.0,0.0,0.0,0.0,0.0,0.0,0.0,0.0,0,0.0,0.0,0,0.0,0.0,0.0,0.0,0.0,0.0,0.0,0,0.0,0.0
372,10.1016/S0378-7753(01)00697-8,0.542600623,248.15,0.440371343,LiAsF6,mol/kg,w,0.0,0.32,0.0,0.0,0.0,0.68,0,0,0,0.0,0.0,0.0,0.0,0.0,0.0,0.0,0.0,0.0,0.0,0.0,0.0,0.0,0.0,0.0,0,0.0,0.0,0,0.0,0.0,0.0,0.0,0.0,0.0,0.0,0,0.0,0.0
373,10.1016/S0378-7753(01)00697-8,0.666890613,258.15,0.439699505,LiAsF6,mol/kg,w,0.0,0.32,0.0,0.0,0.0,0.68,0,0,0,0.0,0.0,0.0,0.0,0.0,0.0,0.0,0.0,0.0,0.0,0.0,0.0,0.0,0.0,0.0,0,0.0,0.0,0,0.0,0.0,0.0,0.0,0.0,0.0,0.0,0,0.0,0.0
374,10.1016/S0378-7753(01)00697-8,0.818286203,268.15,0.436718989,LiAsF6,mol/kg,w,0.0,0.32,0.0,0.0,0.0,0.68,0,0,0,0.0,0.0,0.0,0.0,0.0,0.0,0.0,0.0,0.0,0.0,0.0,0.0,0.0,0.0,0.0,0,0.0,0.0,0,0.0,0.0,0.0,0.0,0.0,0.0,0.0,0,0.0,0.0
375,10.1016/S0378-7753(01)00697-8,0.965186588,278.15,0.438087095,LiAsF6,mol/kg,w,0.0,0.32,0.0,0.0,0.0,0.68,0,0,0,0.0,0.0,0.0,0.0,0.0,0.0,0.0,0.0,0.0,0.0,0.0,0.0,0.0,0.0,0.0,0,0.0,0.0,0,0.0,0.0,0.0,0.0,0.0,0.0,0.0,0,0.0,0.0
376,10.1016/S0378-7753(01)00697-8,1.100775667,288.15,0.437354181,LiAsF6,mol/kg,w,0.0,0.32,0.0,0.0,0.0,0.68,0,0,0,0.0,0.0,0.0,0.0,0.0,0.0,0.0,0.0,0.0,0.0,0.0,0.0,0.0,0.0,0.0,0,0.0,0.0,0,0.0,0.0,0.0,0.0,0.0,0.0,0.0,0,0.0,0.0
377,10.1016/S0378-7753(01)00697-8,1.247639406,298.15,0.432235998,LiAsF6,mol/kg,w,0.0,0.32,0.0,0.0,0.0,0.68,0,0,0,0.0,0.0,0.0,0.0,0.0,0.0,0.0,0.0,0.0,0.0,0.0,0.0,0.0,0.0,0.0,0,0.0,0.0,0,0.0,0.0,0.0,0.0,0.0,0.0,0.0,0,0.0,0.0
378,10.1016/S0378-7753(01)00697-8,0.565528614,248.15,0.498625786,LiAsF6,mol/kg,w,0.0,0.32,0.0,0.0,0.0,0.68,0,0,0,0.0,0.0,0.0,0.0,0.0,0.0,0.0,0.0,0.0,0.0,0.0,0.0,0.0,0.0,0.0,0,0.0,0.0,0,0.0,0.0,0.0,0.0,0.0,0.0,0.0,0,0.0,0.0
379,10.1016/S0378-7753(01)00697-8,0.712428999,258.15,0.499993892,LiAsF6,mol/kg,w,0.0,0.32,0.0,0.0,0.0,0.68,0,0,0,0.0,0.0,0.0,0.0,0.0,0.0,0.0,0.0,0.0,0.0,0.0,0.0,0.0,0.0,0.0,0,0.0,0.0,0,0.0,0.0,0.0,0.0,0.0,0.0,0.0,0,0.0,0.0
380,10.1016/S0378-7753(01)00697-8,0.868344225,268.15,0.496988945,LiAsF6,mol/kg,w,0.0,0.32,0.0,0.0,0.0,0.68,0,0,0,0.0,0.0,0.0,0.0,0.0,0.0,0.0,0.0,0.0,0.0,0.0,0.0,0.0,0.0,0.0,0,0.0,0.0,0,0.0,0.0,0.0,0.0,0.0,0.0,0.0,0,0.0,0.0
381,10.1016/S0378-7753(01)00697-8,1.024283882,278.15,0.49830819,LiAsF6,mol/kg,w,0.0,0.32,0.0,0.0,0.0,0.68,0,0,0,0.0,0.0,0.0,0.0,0.0,0.0,0.0,0.0,0.0,0.0,0.0,0.0,0.0,0.0,0.0,0,0.0,0.0,0,0.0,0.0,0.0,0.0,0.0,0.0,0.0,0,0.0,0.0
382,10.1016/S0378-7753(01)00697-8,1.182471142,288.15,0.497453124,LiAsF6,mol/kg,w,0.0,0.32,0.0,0.0,0.0,0.68,0,0,0,0.0,0.0,0.0,0.0,0.0,0.0,0.0,0.0,0.0,0.0,0.0,0.0,0.0,0.0,0.0,0,0.0,0.0,0,0.0,0.0,0.0,0.0,0.0,0.0,0.0,0,0.0,0.0
383,10.1016/S0378-7753(01)00697-8,1.342906004,298.15,0.494423746,LiAsF6,mol/kg,w,0.0,0.32,0.0,0.0,0.0,0.68,0,0,0,0.0,0.0,0.0,0.0,0.0,0.0,0.0,0.0,0.0,0.0,0.0,0.0,0.0,0.0,0.0,0,0.0,0.0,0,0.0,0.0,0.0,0.0,0.0,0.0,0.0,0,0.0,0.0
384,10.1016/S0378-7753(01)00697-8,0.623819703,248.15,0.816148537,LiAsF6,mol/kg,w,0.0,0.32,0.0,0.0,0.0,0.68,0,0,0,0.0,0.0,0.0,0.0,0.0,0.0,0.0,0.0,0.0,0.0,0.0,0.0,0.0,0.0,0.0,0,0.0,0.0,0,0.0,0.0,0.0,0.0,0.0,0.0,0.0,0,0.0,0.0
385,10.1016/S0378-7753(01)00697-8,0.811409027,258.15,0.819458865,LiAsF6,mol/kg,w,0.0,0.32,0.0,0.0,0.0,0.68,0,0,0,0.0,0.0,0.0,0.0,0.0,0.0,0.0,0.0,0.0,0.0,0.0,0.0,0.0,0.0,0.0,0,0.0,0.0,0,0.0,0.0,0.0,0.0,0.0,0.0,0.0,0,0.0,0.0
386,10.1016/S0378-7753(01)00697-8,0.99894949,268.15,0.814120809,LiAsF6,mol/kg,w,0.0,0.32,0.0,0.0,0.0,0.68,0,0,0,0.0,0.0,0.0,0.0,0.0,0.0,0.0,0.0,0.0,0.0,0.0,0.0,0.0,0.0,0.0,0,0.0,0.0,0,0.0,0.0,0.0,0.0,0.0,0.0,0.0,0,0.0,0.0
387,10.1016/S0378-7753(01)00697-8,1.227203323,278.15,0.815049166,LiAsF6,mol/kg,w,0.0,0.32,0.0,0.0,0.0,0.68,0,0,0,0.0,0.0,0.0,0.0,0.0,0.0,0.0,0.0,0.0,0.0,0.0,0.0,0.0,0.0,0.0,0,0.0,0.0,0,0.0,0.0,0.0,0.0,0.0,0.0,0.0,0,0.0,0.0
388,10.1016/S0378-7753(01)00697-8,1.441886032,288.15,0.813888719,LiAsF6,mol/kg,w,0.0,0.32,0.0,0.0,0.0,0.68,0,0,0,0.0,0.0,0.0,0.0,0.0,0.0,0.0,0.0,0.0,0.0,0.0,0.0,0.0,0.0,0.0,0,0.0,0.0,0,0.0,0.0,0.0,0.0,0.0,0.0,0.0,0,0.0,0.0
389,10.1016/S0378-7753(01)00697-8,1.66333598,298.15,0.81052953,LiAsF6,mol/kg,w,0.0,0.32,0.0,0.0,0.0,0.68,0,0,0,0.0,0.0,0.0,0.0,0.0,0.0,0.0,0.0,0.0,0.0,0.0,0.0,0.0,0.0,0.0,0,0.0,0.0,0,0.0,0.0,0.0,0.0,0.0,0.0,0.0,0,0.0,0.0
390,10.1016/S0378-7753(01)00697-8,0.59341599,248.15,1.03469126,LiAsF6,mol/kg,w,0.0,0.32,0.0,0.0,0.0,0.68,0,0,0,0.0,0.0,0.0,0.0,0.0,0.0,0.0,0.0,0.0,0.0,0.0,0.0,0.0,0.0,0.0,0,0.0,0.0,0,0.0,0.0,0.0,0.0,0.0,0.0,0.0,0,0.0,0.0
391,10.1016/S0378-7753(01)00697-8,0.77873328,258.15,1.035851707,LiAsF6,mol/kg,w,0.0,0.32,0.0,0.0,0.0,0.68,0,0,0,0.0,0.0,0.0,0.0,0.0,0.0,0.0,0.0,0.0,0.0,0.0,0.0,0.0,0.0,0.0,0,0.0,0.0,0,0.0,0.0,0.0,0.0,0.0,0.0,0.0,0,0.0,0.0
392,10.1016/S0378-7753(01)00697-8,0.988896354,268.15,1.03471569,LiAsF6,mol/kg,w,0.0,0.32,0.0,0.0,0.0,0.68,0,0,0,0.0,0.0,0.0,0.0,0.0,0.0,0.0,0.0,0.0,0.0,0.0,0.0,0.0,0.0,0.0,0,0.0,0.0,0,0.0,0.0,0.0,0.0,0.0,0.0,0.0,0,0.0,0.0
393,10.1016/S0378-7753(01)00697-8,1.230696879,278.15,1.033408661,LiAsF6,mol/kg,w,0.0,0.32,0.0,0.0,0.0,0.68,0,0,0,0.0,0.0,0.0,0.0,0.0,0.0,0.0,0.0,0.0,0.0,0.0,0.0,0.0,0.0,0.0,0,0.0,0.0,0,0.0,0.0,0.0,0.0,0.0,0.0,0.0,0,0.0,0.0
394,10.1016/S0378-7753(01)00697-8,1.472485189,288.15,1.029939535,LiAsF6,mol/kg,w,0.0,0.32,0.0,0.0,0.0,0.68,0,0,0,0.0,0.0,0.0,0.0,0.0,0.0,0.0,0.0,0.0,0.0,0.0,0.0,0.0,0.0,0.0,0,0.0,0.0,0,0.0,0.0,0.0,0.0,0.0,0.0,0.0,0,0.0,0.0
395,10.1016/S0378-7753(01)00697-8,1.739168143,298.15,1.032822329,LiAsF6,mol/kg,w,0.0,0.32,0.0,0.0,0.0,0.68,0,0,0,0.0,0.0,0.0,0.0,0.0,0.0,0.0,0.0,0.0,0.0,0.0,0.0,0.0,0.0,0.0,0,0.0,0.0,0,0.0,0.0,0.0,0.0,0.0,0.0,0.0,0,0.0,0.0
396,10.1016/S0378-7753(01)00697-8,1.010126428,278.15,1.592438771,LiAsF6,mol/kg,w,0.0,0.32,0.0,0.0,0.0,0.68,0,0,0,0.0,0.0,0.0,0.0,0.0,0.0,0.0,0.0,0.0,0.0,0.0,0.0,0.0,0.0,0.0,0,0.0,0.0,0,0.0,0.0,0.0,0.0,0.0,0.0,0.0,0,0.0,0.0
397,10.1016/S0378-7753(01)00697-8,1.276809381,288.15,1.595321566,LiAsF6,mol/kg,w,0.0,0.32,0.0,0.0,0.0,0.68,0,0,0,0.0,0.0,0.0,0.0,0.0,0.0,0.0,0.0,0.0,0.0,0.0,0.0,0.0,0.0,0.0,0,0.0,0.0,0,0.0,0.0,0.0,0.0,0.0,0.0,0.0,0,0.0,0.0
398,10.1016/S0378-7753(01)00697-8,1.606730593,298.15,1.591376046,LiAsF6,mol/kg,w,0.0,0.32,0.0,0.0,0.0,0.68,0,0,0,0.0,0.0,0.0,0.0,0.0,0.0,0.0,0.0,0.0,0.0,0.0,0.0,0.0,0.0,0.0,0,0.0,0.0,0,0.0,0.0,0.0,0.0,0.0,0.0,0.0,0,0.0,0.0
399,10.1016/S0378-7753(01)00697-8,0.208489587,248.15,0.102717889,LiAsF6,mol/kg,w,0.0,0.32,0.0,0.0,0.0,0.68,0,0,0,0.0,0.0,0.0,0.0,0.0,0.0,0.0,0.0,0.0,0.0,0.0,0.0,0.0,0.0,0.0,0,0.0,0.0,0,0.0,0.0,0.0,0.0,0.0,0.0,0.0,0,0.0,0.0
400,10.1016/S0378-7753(01)00697-8,0.244646674,258.15,0.102522445,LiAsF6,mol/kg,w,0.0,0.32,0.0,0.0,0.0,0.68,0,0,0,0.0,0.0,0.0,0.0,0.0,0.0,0.0,0.0,0.0,0.0,0.0,0.0,0.0,0.0,0.0,0,0.0,0.0,0,0.0,0.0,0.0,0.0,0.0,0.0,0.0,0,0.0,0.0
401,10.1016/S0378-7753(01)00697-8,0.292115067,268.15,0.104428022,LiAsF6,mol/kg,w,0.0,0.32,0.0,0.0,0.0,0.68,0,0,0,0.0,0.0,0.0,0.0,0.0,0.0,0.0,0.0,0.0,0.0,0.0,0.0,0.0,0.0,0.0,0,0.0,0.0,0,0.0,0.0,0.0,0.0,0.0,0.0,0.0,0,0.0,0.0
402,10.1016/S0378-7753(01)00697-8,0.335027179,278.15,0.09987174,LiAsF6,mol/kg,w,0.0,0.32,0.0,0.0,0.0,0.68,0,0,0,0.0,0.0,0.0,0.0,0.0,0.0,0.0,0.0,0.0,0.0,0.0,0.0,0.0,0.0,0.0,0,0.0,0.0,0,0.0,0.0,0.0,0.0,0.0,0.0,0.0,0,0.0,0.0
403,10.1016/S0378-7753(01)00697-8,0.375703903,288.15,0.099651866,LiAsF6,mol/kg,w,0.0,0.32,0.0,0.0,0.0,0.68,0,0,0,0.0,0.0,0.0,0.0,0.0,0.0,0.0,0.0,0.0,0.0,0.0,0.0,0.0,0.0,0.0,0,0.0,0.0,0,0.0,0.0,0.0,0.0,0.0,0.0,0.0,0,0.0,0.0
404,10.1016/S0378-7753(01)00697-8,0.411873206,298.15,0.101618518,LiAsF6,mol/kg,w,0.0,0.32,0.0,0.0,0.0,0.68,0,0,0,0.0,0.0,0.0,0.0,0.0,0.0,0.0,0.0,0.0,0.0,0.0,0.0,0.0,0.0,0.0,0,0.0,0.0,0,0.0,0.0,0.0,0.0,0.0,0.0,0.0,0,0.0,0.0
12491,10.1016/0378-7753(91)80004-H,0.28,213.15,1.0,LiAsF6,mol/l,v,0.25,0.25,0.0,0.0,0.0,0.5,0,0,0,0.0,0.0,0.0,0.0,0.0,0.0,0.0,0.0,0.0,0.0,0.0,0.0,0.0,0.0,0.0,0,0.0,0.0,0,0.0,0.0,0.0,0.0,0.0,0.0,0.0,0,0.0,0.0
12521,10.1016/0378-7753(91)80004-H,0.57,223.15,1.0,LiAsF6,mol/l,v,0.25,0.25,0.0,0.0,0.0,0.5,0,0,0,0.0,0.0,0.0,0.0,0.0,0.0,0.0,0.0,0.0,0.0,0.0,0.0,0.0,0.0,0.0,0,0.0,0.0,0,0.0,0.0,0.0,0.0,0.0,0.0,0.0,0,0.0,0.0
12551,10.1016/0378-7753(91)80004-H,1.07,233.15,1.0,LiAsF6,mol/l,v,0.25,0.25,0.0,0.0,0.0,0.5,0,0,0,0.0,0.0,0.0,0.0,0.0,0.0,0.0,0.0,0.0,0.0,0.0,0.0,0.0,0.0,0.0,0,0.0,0.0,0,0.0,0.0,0.0,0.0,0.0,0.0,0.0,0,0.0,0.0
12581,10.1016/0378-7753(91)80004-H,3.35,243.15,1.0,LiAsF6,mol/l,v,0.25,0.25,0.0,0.0,0.0,0.5,0,0,0,0.0,0.0,0.0,0.0,0.0,0.0,0.0,0.0,0.0,0.0,0.0,0.0,0.0,0.0,0.0,0,0.0,0.0,0,0.0,0.0,0.0,0.0,0.0,0.0,0.0,0,0.0,0.0
12582,10.1016/0378-7753(91)80004-H,0.01,243.15,4.0,LiAsF6,mol/l,v,0.25,0.25,0.0,0.0,0.0,0.5,0,0,0,0.0,0.0,0.0,0.0,0.0,0.0,0.0,0.0,0.0,0.0,0.0,0.0,0.0,0.0,0.0,0,0.0,0.0,0,0.0,0.0,0.0,0.0,0.0,0.0,0.0,0,0.0,0.0
12583,10.1016/0378-7753(91)80004-H,3.28,243.15,1.0,LiAsF6,mol/l,v,0.0,0.5,0.0,0.0,0.0,0.5,0,0,0,0.0,0.0,0.0,0.0,0.0,0.0,0.0,0.0,0.0,0.0,0.0,0.0,0.0,0.0,0.0,0,0.0,0.0,0,0.0,0.0,0.0,0.0,0.0,0.0,0.0,0,0.0,0.0
12584,10.1016/0378-7753(91)80004-H,0.01,243.15,4.0,LiAsF6,mol/l,v,0.0,0.5,0.0,0.0,0.0,0.5,0,0,0,0.0,0.0,0.0,0.0,0.0,0.0,0.0,0.0,0.0,0.0,0.0,0.0,0.0,0.0,0.0,0,0.0,0.0,0,0.0,0.0,0.0,0.0,0.0,0.0,0.0,0,0.0,0.0
12610,10.1016/0378-7753(91)80004-H,5.27,253.15,1.0,LiAsF6,mol/l,v,0.5,0.0,0.0,0.0,0.0,0.5,0,0,0,0.0,0.0,0.0,0.0,0.0,0.0,0.0,0.0,0.0,0.0,0.0,0.0,0.0,0.0,0.0,0,0.0,0.0,0,0.0,0.0,0.0,0.0,0.0,0.0,0.0,0,0.0,0.0
12611,10.1016/0378-7753(91)80004-H,5.02,253.15,1.0,LiAsF6,mol/l,v,0.25,0.25,0.0,0.0,0.0,0.5,0,0,0,0.0,0.0,0.0,0.0,0.0,0.0,0.0,0.0,0.0,0.0,0.0,0.0,0.0,0.0,0.0,0,0.0,0.0,0,0.0,0.0,0.0,0.0,0.0,0.0,0.0,0,0.0,0.0
12612,10.1016/0378-7753(91)80004-H,0.01,253.15,4.0,LiAsF6,mol/l,v,0.25,0.25,0.0,0.0,0.0,0.5,0,0,0,0.0,0.0,0.0,0.0,0.0,0.0,0.0,0.0,0.0,0.0,0.0,0.0,0.0,0.0,0.0,0,0.0,0.0,0,0.0,0.0,0.0,0.0,0.0,0.0,0.0,0,0.0,0.0
12613,10.1016/0378-7753(91)80004-H,4.43,253.15,1.0,LiAsF6,mol/l,v,0.0,0.5,0.0,0.0,0.0,0.5,0,0,0,0.0,0.0,0.0,0.0,0.0,0.0,0.0,0.0,0.0,0.0,0.0,0.0,0.0,0.0,0.0,0,0.0,0.0,0,0.0,0.0,0.0,0.0,0.0,0.0,0.0,0,0.0,0.0
12614,10.1016/0378-7753(91)80004-H,0.08,253.15,4.0,LiAsF6,mol/l,v,0.0,0.5,0.0,0.0,0.0,0.5,0,0,0,0.0,0.0,0.0,0.0,0.0,0.0,0.0,0.0,0.0,0.0,0.0,0.0,0.0,0.0,0.0,0,0.0,0.0,0,0.0,0.0,0.0,0.0,0.0,0.0,0.0,0,0.0,0.0
12640,10.1016/0378-7753(91)80004-H,7.23,263.15,1.0,LiAsF6,mol/l,v,0.5,0.0,0.0,0.0,0.0,0.5,0,0,0,0.0,0.0,0.0,0.0,0.0,0.0,0.0,0.0,0.0,0.0,0.0,0.0,0.0,0.0,0.0,0,0.0,0.0,0,0.0,0.0,0.0,0.0,0.0,0.0,0.0,0,0.0,0.0
12641,10.1016/0378-7753(91)80004-H,7.02,263.15,1.0,LiAsF6,mol/l,v,0.25,0.25,0.0,0.0,0.0,0.5,0,0,0,0.0,0.0,0.0,0.0,0.0,0.0,0.0,0.0,0.0,0.0,0.0,0.0,0.0,0.0,0.0,0,0.0,0.0,0,0.0,0.0,0.0,0.0,0.0,0.0,0.0,0,0.0,0.0
12642,10.1016/0378-7753(91)80004-H,0.22,263.15,4.0,LiAsF6,mol/l,v,0.25,0.25,0.0,0.0,0.0,0.5,0,0,0,0.0,0.0,0.0,0.0,0.0,0.0,0.0,0.0,0.0,0.0,0.0,0.0,0.0,0.0,0.0,0,0.0,0.0,0,0.0,0.0,0.0,0.0,0.0,0.0,0.0,0,0.0,0.0
12643,10.1016/0378-7753(91)80004-H,6.24,263.15,1.0,LiAsF6,mol/l,v,0.0,0.5,0.0,0.0,0.0,0.5,0,0,0,0.0,0.0,0.0,0.0,0.0,0.0,0.0,0.0,0.0,0.0,0.0,0.0,0.0,0.0,0.0,0,0.0,0.0,0,0.0,0.0,0.0,0.0,0.0,0.0,0.0,0,0.0,0.0
12644,10.1016/0378-7753(91)80004-H,0.27,263.15,4.0,LiAsF6,mol/l,v,0.0,0.5,0.0,0.0,0.0,0.5,0,0,0,0.0,0.0,0.0,0.0,0.0,0.0,0.0,0.0,0.0,0.0,0.0,0.0,0.0,0.0,0.0,0,0.0,0.0,0,0.0,0.0,0.0,0.0,0.0,0.0,0.0,0,0.0,0.0
12670,10.1016/0378-7753(91)80004-H,9.5,273.15,1.0,LiAsF6,mol/l,v,0.5,0.0,0.0,0.0,0.0,0.5,0,0,0,0.0,0.0,0.0,0.0,0.0,0.0,0.0,0.0,0.0,0.0,0.0,0.0,0.0,0.0,0.0,0,0.0,0.0,0,0.0,0.0,0.0,0.0,0.0,0.0,0.0,0,0.0,0.0
12671,10.1016/0378-7753(91)80004-H,9.23,273.15,1.0,LiAsF6,mol/l,v,0.25,0.25,0.0,0.0,0.0,0.5,0,0,0,0.0,0.0,0.0,0.0,0.0,0.0,0.0,0.0,0.0,0.0,0.0,0.0,0.0,0.0,0.0,0,0.0,0.0,0,0.0,0.0,0.0,0.0,0.0,0.0,0.0,0,0.0,0.0
12672,10.1016/0378-7753(91)80004-H,0.63,273.15,4.0,LiAsF6,mol/l,v,0.25,0.25,0.0,0.0,0.0,0.5,0,0,0,0.0,0.0,0.0,0.0,0.0,0.0,0.0,0.0,0.0,0.0,0.0,0.0,0.0,0.0,0.0,0,0.0,0.0,0,0.0,0.0,0.0,0.0,0.0,0.0,0.0,0,0.0,0.0
12673,10.1016/0378-7753(91)80004-H,8.37,273.15,1.0,LiAsF6,mol/l,v,0.0,0.5,0.0,0.0,0.0,0.5,0,0,0,0.0,0.0,0.0,0.0,0.0,0.0,0.0,0.0,0.0,0.0,0.0,0.0,0.0,0.0,0.0,0,0.0,0.0,0,0.0,0.0,0.0,0.0,0.0,0.0,0.0,0,0.0,0.0
12674,10.1016/0378-7753(91)80004-H,0.7,273.15,4.0,LiAsF6,mol/l,v,0.0,0.5,0.0,0.0,0.0,0.5,0,0,0,0.0,0.0,0.0,0.0,0.0,0.0,0.0,0.0,0.0,0.0,0.0,0.0,0.0,0.0,0.0,0,0.0,0.0,0,0.0,0.0,0.0,0.0,0.0,0.0,0.0,0,0.0,0.0
12700,10.1016/0378-7753(91)80004-H,14.52,293.15,1.0,LiAsF6,mol/l,v,0.5,0.0,0.0,0.0,0.0,0.5,0,0,0,0.0,0.0,0.0,0.0,0.0,0.0,0.0,0.0,0.0,0.0,0.0,0.0,0.0,0.0,0.0,0,0.0,0.0,0,0.0,0.0,0.0,0.0,0.0,0.0,0.0,0,0.0,0.0
12701,10.1016/0378-7753(91)80004-H,14.4,293.15,1.0,LiAsF6,mol/l,v,0.25,0.25,0.0,0.0,0.0,0.5,0,0,0,0.0,0.0,0.0,0.0,0.0,0.0,0.0,0.0,0.0,0.0,0.0,0.0,0.0,0.0,0.0,0,0.0,0.0,0,0.0,0.0,0.0,0.0,0.0,0.0,0.0,0,0.0,0.0
12702,10.1016/0378-7753(91)80004-H,2.76,293.15,4.0,LiAsF6,mol/l,v,0.25,0.25,0.0,0.0,0.0,0.5,0,0,0,0.0,0.0,0.0,0.0,0.0,0.0,0.0,0.0,0.0,0.0,0.0,0.0,0.0,0.0,0.0,0,0.0,0.0,0,0.0,0.0,0.0,0.0,0.0,0.0,0.0,0,0.0,0.0
12703,10.1016/0378-7753(91)80004-H,13.15,293.15,1.0,LiAsF6,mol/l,v,0.0,0.5,0.0,0.0,0.0,0.5,0,0,0,0.0,0.0,0.0,0.0,0.0,0.0,0.0,0.0,0.0,0.0,0.0,0.0,0.0,0.0,0.0,0,0.0,0.0,0,0.0,0.0,0.0,0.0,0.0,0.0,0.0,0,0.0,0.0
12704,10.1016/0378-7753(91)80004-H,2.74,293.15,4.0,LiAsF6,mol/l,v,0.0,0.5,0.0,0.0,0.0,0.5,0,0,0,0.0,0.0,0.0,0.0,0.0,0.0,0.0,0.0,0.0,0.0,0.0,0.0,0.0,0.0,0.0,0,0.0,0.0,0,0.0,0.0,0.0,0.0,0.0,0.0,0.0,0,0.0,0.0
12730,10.1016/0378-7753(91)80004-H,20.64,313.15,1.0,LiAsF6,mol/l,v,0.5,0.0,0.0,0.0,0.0,0.5,0,0,0,0.0,0.0,0.0,0.0,0.0,0.0,0.0,0.0,0.0,0.0,0.0,0.0,0.0,0.0,0.0,0,0.0,0.0,0,0.0,0.0,0.0,0.0,0.0,0.0,0.0,0,0.0,0.0
12731,10.1016/0378-7753(91)80004-H,19.87,313.15,1.0,LiAsF6,mol/l,v,0.25,0.25,0.0,0.0,0.0,0.5,0,0,0,0.0,0.0,0.0,0.0,0.0,0.0,0.0,0.0,0.0,0.0,0.0,0.0,0.0,0.0,0.0,0,0.0,0.0,0,0.0,0.0,0.0,0.0,0.0,0.0,0.0,0,0.0,0.0
12732,10.1016/0378-7753(91)80004-H,6.95,313.15,4.0,LiAsF6,mol/l,v,0.25,0.25,0.0,0.0,0.0,0.5,0,0,0,0.0,0.0,0.0,0.0,0.0,0.0,0.0,0.0,0.0,0.0,0.0,0.0,0.0,0.0,0.0,0,0.0,0.0,0,0.0,0.0,0.0,0.0,0.0,0.0,0.0,0,0.0,0.0
12733,10.1016/0378-7753(91)80004-H,18.46,313.15,1.0,LiAsF6,mol/l,v,0.0,0.5,0.0,0.0,0.0,0.5,0,0,0,0.0,0.0,0.0,0.0,0.0,0.0,0.0,0.0,0.0,0.0,0.0,0.0,0.0,0.0,0.0,0,0.0,0.0,0,0.0,0.0,0.0,0.0,0.0,0.0,0.0,0,0.0,0.0
12734,10.1016/0378-7753(91)80004-H,6.65,313.15,4.0,LiAsF6,mol/l,v,0.0,0.5,0.0,0.0,0.0,0.5,0,0,0,0.0,0.0,0.0,0.0,0.0,0.0,0.0,0.0,0.0,0.0,0.0,0.0,0.0,0.0,0.0,0,0.0,0.0,0,0.0,0.0,0.0,0.0,0.0,0.0,0.0,0,0.0,0.0
12760,10.1016/0378-7753(91)80004-H,26.65,333.15,1.0,LiAsF6,mol/l,v,0.5,0.0,0.0,0.0,0.0,0.5,0,0,0,0.0,0.0,0.0,0.0,0.0,0.0,0.0,0.0,0.0,0.0,0.0,0.0,0.0,0.0,0.0,0,0.0,0.0,0,0.0,0.0,0.0,0.0,0.0,0.0,0.0,0,0.0,0.0
12761,10.1016/0378-7753(91)80004-H,25.75,333.15,1.0,LiAsF6,mol/l,v,0.25,0.25,0.0,0.0,0.0,0.5,0,0,0,0.0,0.0,0.0,0.0,0.0,0.0,0.0,0.0,0.0,0.0,0.0,0.0,0.0,0.0,0.0,0,0.0,0.0,0,0.0,0.0,0.0,0.0,0.0,0.0,0.0,0,0.0,0.0
12762,10.1016/0378-7753(91)80004-H,13.13,333.15,4.0,LiAsF6,mol/l,v,0.25,0.25,0.0,0.0,0.0,0.5,0,0,0,0.0,0.0,0.0,0.0,0.0,0.0,0.0,0.0,0.0,0.0,0.0,0.0,0.0,0.0,0.0,0,0.0,0.0,0,0.0,0.0,0.0,0.0,0.0,0.0,0.0,0,0.0,0.0
12763,10.1016/0378-7753(91)80004-H,23.92,333.15,1.0,LiAsF6,mol/l,v,0.0,0.5,0.0,0.0,0.0,0.5,0,0,0,0.0,0.0,0.0,0.0,0.0,0.0,0.0,0.0,0.0,0.0,0.0,0.0,0.0,0.0,0.0,0,0.0,0.0,0,0.0,0.0,0.0,0.0,0.0,0.0,0.0,0,0.0,0.0
12764,10.1016/0378-7753(91)80004-H,12.37,333.15,4.0,LiAsF6,mol/l,v,0.0,0.5,0.0,0.0,0.0,0.5,0,0,0,0.0,0.0,0.0,0.0,0.0,0.0,0.0,0.0,0.0,0.0,0.0,0.0,0.0,0.0,0.0,0,0.0,0.0,0,0.0,0.0,0.0,0.0,0.0,0.0,0.0,0,0.0,0.0
12790,10.1016/0378-7753(91)80004-H,32.57,353.15,1.0,LiAsF6,mol/l,v,0.5,0.0,0.0,0.0,0.0,0.5,0,0,0,0.0,0.0,0.0,0.0,0.0,0.0,0.0,0.0,0.0,0.0,0.0,0.0,0.0,0.0,0.0,0,0.0,0.0,0,0.0,0.0,0.0,0.0,0.0,0.0,0.0,0,0.0,0.0
12791,10.1016/0378-7753(91)80004-H,31.44,353.15,1.0,LiAsF6,mol/l,v,0.25,0.25,0.0,0.0,0.0,0.5,0,0,0,0.0,0.0,0.0,0.0,0.0,0.0,0.0,0.0,0.0,0.0,0.0,0.0,0.0,0.0,0.0,0,0.0,0.0,0,0.0,0.0,0.0,0.0,0.0,0.0,0.0,0,0.0,0.0
12792,10.1016/0378-7753(91)80004-H,20.84,353.15,4.0,LiAsF6,mol/l,v,0.25,0.25,0.0,0.0,0.0,0.5,0,0,0,0.0,0.0,0.0,0.0,0.0,0.0,0.0,0.0,0.0,0.0,0.0,0.0,0.0,0.0,0.0,0,0.0,0.0,0,0.0,0.0,0.0,0.0,0.0,0.0,0.0,0,0.0,0.0
12793,10.1016/0378-7753(91)80004-H,28.18,353.15,1.0,LiAsF6,mol/l,v,0.0,0.5,0.0,0.0,0.0,0.5,0,0,0,0.0,0.0,0.0,0.0,0.0,0.0,0.0,0.0,0.0,0.0,0.0,0.0,0.0,0.0,0.0,0,0.0,0.0,0,0.0,0.0,0.0,0.0,0.0,0.0,0.0,0,0.0,0.0
12794,10.1016/0378-7753(91)80004-H,19.49,353.15,4.0,LiAsF6,mol/l,v,0.0,0.5,0.0,0.0,0.0,0.5,0,0,0,0.0,0.0,0.0,0.0,0.0,0.0,0.0,0.0,0.0,0.0,0.0,0.0,0.0,0.0,0.0,0,0.0,0.0,0,0.0,0.0,0.0,0.0,0.0,0.0,0.0,0,0.0,0.0
12808,10.1016/0378-7753(91)80004-H,0.04,213.15,0.5,LiAsF6,mol/l,v,0.15,0.85,0.0,0.0,0.0,0.0,0,0,0,0.0,0.0,0.0,0.0,0.0,0.0,0.0,0.0,0.0,0.0,0.0,0.0,0.0,0.0,0.0,0,0.0,0.0,0,0.0,0.0,0.0,0.0,0.0,0.0,0.0,0,0.0,0.0
12810,10.1016/0378-7753(91)80004-H,0.01,213.15,1.0,LiAsF6,mol/l,v,0.15,0.85,0.0,0.0,0.0,0.0,0,0,0,0.0,0.0,0.0,0.0,0.0,0.0,0.0,0.0,0.0,0.0,0.0,0.0,0.0,0.0,0.0,0,0.0,0.0,0,0.0,0.0,0.0,0.0,0.0,0.0,0.0,0,0.0,0.0
12840,10.1016/0378-7753(91)80004-H,0.14,223.15,0.5,LiAsF6,mol/l,v,0.15,0.85,0.0,0.0,0.0,0.0,0,0,0,0.0,0.0,0.0,0.0,0.0,0.0,0.0,0.0,0.0,0.0,0.0,0.0,0.0,0.0,0.0,0,0.0,0.0,0,0.0,0.0,0.0,0.0,0.0,0.0,0.0,0,0.0,0.0
12842,10.1016/0378-7753(91)80004-H,0.05,223.15,1.0,LiAsF6,mol/l,v,0.15,0.85,0.0,0.0,0.0,0.0,0,0,0,0.0,0.0,0.0,0.0,0.0,0.0,0.0,0.0,0.0,0.0,0.0,0.0,0.0,0.0,0.0,0,0.0,0.0,0,0.0,0.0,0.0,0.0,0.0,0.0,0.0,0,0.0,0.0
12845,10.1016/0378-7753(91)80004-H,0.01,223.15,1.5,LiAsF6,mol/l,v,0.15,0.85,0.0,0.0,0.0,0.0,0,0,0,0.0,0.0,0.0,0.0,0.0,0.0,0.0,0.0,0.0,0.0,0.0,0.0,0.0,0.0,0.0,0,0.0,0.0,0,0.0,0.0,0.0,0.0,0.0,0.0,0.0,0,0.0,0.0
12872,10.1016/0378-7753(91)80004-H,0.39,233.15,0.5,LiAsF6,mol/l,v,0.15,0.85,0.0,0.0,0.0,0.0,0,0,0,0.0,0.0,0.0,0.0,0.0,0.0,0.0,0.0,0.0,0.0,0.0,0.0,0.0,0.0,0.0,0,0.0,0.0,0,0.0,0.0,0.0,0.0,0.0,0.0,0.0,0,0.0,0.0
12874,10.1016/0378-7753(91)80004-H,0.18,233.15,1.0,LiAsF6,mol/l,v,0.15,0.85,0.0,0.0,0.0,0.0,0,0,0,0.0,0.0,0.0,0.0,0.0,0.0,0.0,0.0,0.0,0.0,0.0,0.0,0.0,0.0,0.0,0,0.0,0.0,0,0.0,0.0,0.0,0.0,0.0,0.0,0.0,0,0.0,0.0
12877,10.1016/0378-7753(91)80004-H,0.03,233.15,1.5,LiAsF6,mol/l,v,0.15,0.85,0.0,0.0,0.0,0.0,0,0,0,0.0,0.0,0.0,0.0,0.0,0.0,0.0,0.0,0.0,0.0,0.0,0.0,0.0,0.0,0.0,0,0.0,0.0,0,0.0,0.0,0.0,0.0,0.0,0.0,0.0,0,0.0,0.0
12878,10.1016/0378-7753(91)80004-H,0.03,233.15,1.5,LiAsF6,mol/l,v,0.5,0.5,0.0,0.0,0.0,0.0,0,0,0,0.0,0.0,0.0,0.0,0.0,0.0,0.0,0.0,0.0,0.0,0.0,0.0,0.0,0.0,0.0,0,0.0,0.0,0,0.0,0.0,0.0,0.0,0.0,0.0,0.0,0,0.0,0.0
12904,10.1016/0378-7753(91)80004-H,0.81,243.15,0.5,LiAsF6,mol/l,v,0.15,0.85,0.0,0.0,0.0,0.0,0,0,0,0.0,0.0,0.0,0.0,0.0,0.0,0.0,0.0,0.0,0.0,0.0,0.0,0.0,0.0,0.0,0,0.0,0.0,0,0.0,0.0,0.0,0.0,0.0,0.0,0.0,0,0.0,0.0
12905,10.1016/0378-7753(91)80004-H,0.86,243.15,0.5,LiAsF6,mol/l,v,0.5,0.5,0.0,0.0,0.0,0.0,0,0,0,0.0,0.0,0.0,0.0,0.0,0.0,0.0,0.0,0.0,0.0,0.0,0.0,0.0,0.0,0.0,0,0.0,0.0,0,0.0,0.0,0.0,0.0,0.0,0.0,0.0,0,0.0,0.0
12906,10.1016/0378-7753(91)80004-H,0.55,243.15,1.0,LiAsF6,mol/l,v,0.15,0.85,0.0,0.0,0.0,0.0,0,0,0,0.0,0.0,0.0,0.0,0.0,0.0,0.0,0.0,0.0,0.0,0.0,0.0,0.0,0.0,0.0,0,0.0,0.0,0,0.0,0.0,0.0,0.0,0.0,0.0,0.0,0,0.0,0.0
12907,10.1016/0378-7753(91)80004-H,0.64,243.15,1.0,LiAsF6,mol/l,v,0.5,0.5,0.0,0.0,0.0,0.0,0,0,0,0.0,0.0,0.0,0.0,0.0,0.0,0.0,0.0,0.0,0.0,0.0,0.0,0.0,0.0,0.0,0,0.0,0.0,0,0.0,0.0,0.0,0.0,0.0,0.0,0.0,0,0.0,0.0
12909,10.1016/0378-7753(91)80004-H,0.14,243.15,1.5,LiAsF6,mol/l,v,0.15,0.85,0.0,0.0,0.0,0.0,0,0,0,0.0,0.0,0.0,0.0,0.0,0.0,0.0,0.0,0.0,0.0,0.0,0.0,0.0,0.0,0.0,0,0.0,0.0,0,0.0,0.0,0.0,0.0,0.0,0.0,0.0,0,0.0,0.0
12910,10.1016/0378-7753(91)80004-H,0.16,243.15,1.5,LiAsF6,mol/l,v,0.5,0.5,0.0,0.0,0.0,0.0,0,0,0,0.0,0.0,0.0,0.0,0.0,0.0,0.0,0.0,0.0,0.0,0.0,0.0,0.0,0.0,0.0,0,0.0,0.0,0,0.0,0.0,0.0,0.0,0.0,0.0,0.0,0,0.0,0.0
12911,10.1016/0378-7753(91)80004-H,0.01,243.15,2.0,LiAsF6,mol/l,v,0.15,0.85,0.0,0.0,0.0,0.0,0,0,0,0.0,0.0,0.0,0.0,0.0,0.0,0.0,0.0,0.0,0.0,0.0,0.0,0.0,0.0,0.0,0,0.0,0.0,0,0.0,0.0,0.0,0.0,0.0,0.0,0.0,0,0.0,0.0
12912,10.1016/0378-7753(91)80004-H,0.02,243.15,2.0,LiAsF6,mol/l,v,0.5,0.5,0.0,0.0,0.0,0.0,0,0,0,0.0,0.0,0.0,0.0,0.0,0.0,0.0,0.0,0.0,0.0,0.0,0.0,0.0,0.0,0.0,0,0.0,0.0,0,0.0,0.0,0.0,0.0,0.0,0.0,0.0,0,0.0,0.0
12936,10.1016/0378-7753(91)80004-H,1.37,253.15,0.5,LiAsF6,mol/l,v,0.15,0.85,0.0,0.0,0.0,0.0,0,0,0,0.0,0.0,0.0,0.0,0.0,0.0,0.0,0.0,0.0,0.0,0.0,0.0,0.0,0.0,0.0,0,0.0,0.0,0,0.0,0.0,0.0,0.0,0.0,0.0,0.0,0,0.0,0.0
12937,10.1016/0378-7753(91)80004-H,1.46,253.15,0.5,LiAsF6,mol/l,v,0.5,0.5,0.0,0.0,0.0,0.0,0,0,0,0.0,0.0,0.0,0.0,0.0,0.0,0.0,0.0,0.0,0.0,0.0,0.0,0.0,0.0,0.0,0,0.0,0.0,0,0.0,0.0,0.0,0.0,0.0,0.0,0.0,0,0.0,0.0
12938,10.1016/0378-7753(91)80004-H,1.07,253.15,1.0,LiAsF6,mol/l,v,0.15,0.85,0.0,0.0,0.0,0.0,0,0,0,0.0,0.0,0.0,0.0,0.0,0.0,0.0,0.0,0.0,0.0,0.0,0.0,0.0,0.0,0.0,0,0.0,0.0,0,0.0,0.0,0.0,0.0,0.0,0.0,0.0,0,0.0,0.0
12939,10.1016/0378-7753(91)80004-H,1.15,253.15,1.0,LiAsF6,mol/l,v,0.5,0.5,0.0,0.0,0.0,0.0,0,0,0,0.0,0.0,0.0,0.0,0.0,0.0,0.0,0.0,0.0,0.0,0.0,0.0,0.0,0.0,0.0,0,0.0,0.0,0,0.0,0.0,0.0,0.0,0.0,0.0,0.0,0,0.0,0.0
12940,10.1016/0378-7753(91)80004-H,1.38,253.15,1.0,LiAsF6,mol/l,v,0.7,0.3,0.0,0.0,0.0,0.0,0,0,0,0.0,0.0,0.0,0.0,0.0,0.0,0.0,0.0,0.0,0.0,0.0,0.0,0.0,0.0,0.0,0,0.0,0.0,0,0.0,0.0,0.0,0.0,0.0,0.0,0.0,0,0.0,0.0
12941,10.1016/0378-7753(91)80004-H,0.41,253.15,1.5,LiAsF6,mol/l,v,0.15,0.85,0.0,0.0,0.0,0.0,0,0,0,0.0,0.0,0.0,0.0,0.0,0.0,0.0,0.0,0.0,0.0,0.0,0.0,0.0,0.0,0.0,0,0.0,0.0,0,0.0,0.0,0.0,0.0,0.0,0.0,0.0,0,0.0,0.0
12942,10.1016/0378-7753(91)80004-H,0.42,253.15,1.5,LiAsF6,mol/l,v,0.5,0.5,0.0,0.0,0.0,0.0,0,0,0,0.0,0.0,0.0,0.0,0.0,0.0,0.0,0.0,0.0,0.0,0.0,0.0,0.0,0.0,0.0,0,0.0,0.0,0,0.0,0.0,0.0,0.0,0.0,0.0,0.0,0,0.0,0.0
12943,10.1016/0378-7753(91)80004-H,0.06,253.15,2.0,LiAsF6,mol/l,v,0.15,0.85,0.0,0.0,0.0,0.0,0,0,0,0.0,0.0,0.0,0.0,0.0,0.0,0.0,0.0,0.0,0.0,0.0,0.0,0.0,0.0,0.0,0,0.0,0.0,0,0.0,0.0,0.0,0.0,0.0,0.0,0.0,0,0.0,0.0
12944,10.1016/0378-7753(91)80004-H,0.07,253.15,2.0,LiAsF6,mol/l,v,0.5,0.5,0.0,0.0,0.0,0.0,0,0,0,0.0,0.0,0.0,0.0,0.0,0.0,0.0,0.0,0.0,0.0,0.0,0.0,0.0,0.0,0.0,0,0.0,0.0,0,0.0,0.0,0.0,0.0,0.0,0.0,0.0,0,0.0,0.0
12945,10.1016/0378-7753(91)80004-H,0.01,253.15,3.0,LiAsF6,mol/l,v,0.5,0.5,0.0,0.0,0.0,0.0,0,0,0,0.0,0.0,0.0,0.0,0.0,0.0,0.0,0.0,0.0,0.0,0.0,0.0,0.0,0.0,0.0,0,0.0,0.0,0,0.0,0.0,0.0,0.0,0.0,0.0,0.0,0,0.0,0.0
12968,10.1016/0378-7753(91)80004-H,2.08,263.15,0.5,LiAsF6,mol/l,v,0.15,0.85,0.0,0.0,0.0,0.0,0,0,0,0.0,0.0,0.0,0.0,0.0,0.0,0.0,0.0,0.0,0.0,0.0,0.0,0.0,0.0,0.0,0,0.0,0.0,0,0.0,0.0,0.0,0.0,0.0,0.0,0.0,0,0.0,0.0
12969,10.1016/0378-7753(91)80004-H,2.25,263.15,0.5,LiAsF6,mol/l,v,0.5,0.5,0.0,0.0,0.0,0.0,0,0,0,0.0,0.0,0.0,0.0,0.0,0.0,0.0,0.0,0.0,0.0,0.0,0.0,0.0,0.0,0.0,0,0.0,0.0,0,0.0,0.0,0.0,0.0,0.0,0.0,0.0,0,0.0,0.0
12970,10.1016/0378-7753(91)80004-H,1.83,263.15,1.0,LiAsF6,mol/l,v,0.15,0.85,0.0,0.0,0.0,0.0,0,0,0,0.0,0.0,0.0,0.0,0.0,0.0,0.0,0.0,0.0,0.0,0.0,0.0,0.0,0.0,0.0,0,0.0,0.0,0,0.0,0.0,0.0,0.0,0.0,0.0,0.0,0,0.0,0.0
12971,10.1016/0378-7753(91)80004-H,1.96,263.15,1.0,LiAsF6,mol/l,v,0.5,0.5,0.0,0.0,0.0,0.0,0,0,0,0.0,0.0,0.0,0.0,0.0,0.0,0.0,0.0,0.0,0.0,0.0,0.0,0.0,0.0,0.0,0,0.0,0.0,0,0.0,0.0,0.0,0.0,0.0,0.0,0.0,0,0.0,0.0
12972,10.1016/0378-7753(91)80004-H,2.29,263.15,1.0,LiAsF6,mol/l,v,0.7,0.3,0.0,0.0,0.0,0.0,0,0,0,0.0,0.0,0.0,0.0,0.0,0.0,0.0,0.0,0.0,0.0,0.0,0.0,0.0,0.0,0.0,0,0.0,0.0,0,0.0,0.0,0.0,0.0,0.0,0.0,0.0,0,0.0,0.0
12973,10.1016/0378-7753(91)80004-H,0.83,263.15,1.5,LiAsF6,mol/l,v,0.15,0.85,0.0,0.0,0.0,0.0,0,0,0,0.0,0.0,0.0,0.0,0.0,0.0,0.0,0.0,0.0,0.0,0.0,0.0,0.0,0.0,0.0,0,0.0,0.0,0,0.0,0.0,0.0,0.0,0.0,0.0,0.0,0,0.0,0.0
12974,10.1016/0378-7753(91)80004-H,0.92,263.15,1.5,LiAsF6,mol/l,v,0.5,0.5,0.0,0.0,0.0,0.0,0,0,0,0.0,0.0,0.0,0.0,0.0,0.0,0.0,0.0,0.0,0.0,0.0,0.0,0.0,0.0,0.0,0,0.0,0.0,0,0.0,0.0,0.0,0.0,0.0,0.0,0.0,0,0.0,0.0
12975,10.1016/0378-7753(91)80004-H,0.2,263.15,2.0,LiAsF6,mol/l,v,0.15,0.85,0.0,0.0,0.0,0.0,0,0,0,0.0,0.0,0.0,0.0,0.0,0.0,0.0,0.0,0.0,0.0,0.0,0.0,0.0,0.0,0.0,0,0.0,0.0,0,0.0,0.0,0.0,0.0,0.0,0.0,0.0,0,0.0,0.0
12976,10.1016/0378-7753(91)80004-H,0.23,263.15,2.0,LiAsF6,mol/l,v,0.5,0.5,0.0,0.0,0.0,0.0,0,0,0,0.0,0.0,0.0,0.0,0.0,0.0,0.0,0.0,0.0,0.0,0.0,0.0,0.0,0.0,0.0,0,0.0,0.0,0,0.0,0.0,0.0,0.0,0.0,0.0,0.0,0,0.0,0.0
12977,10.1016/0378-7753(91)80004-H,0.04,263.15,3.0,LiAsF6,mol/l,v,0.5,0.5,0.0,0.0,0.0,0.0,0,0,0,0.0,0.0,0.0,0.0,0.0,0.0,0.0,0.0,0.0,0.0,0.0,0.0,0.0,0.0,0.0,0,0.0,0.0,0,0.0,0.0,0.0,0.0,0.0,0.0,0.0,0,0.0,0.0
13000,10.1016/0378-7753(91)80004-H,2.92,273.15,0.5,LiAsF6,mol/l,v,0.15,0.85,0.0,0.0,0.0,0.0,0,0,0,0.0,0.0,0.0,0.0,0.0,0.0,0.0,0.0,0.0,0.0,0.0,0.0,0.0,0.0,0.0,0,0.0,0.0,0,0.0,0.0,0.0,0.0,0.0,0.0,0.0,0,0.0,0.0
13001,10.1016/0378-7753(91)80004-H,3.17,273.15,0.5,LiAsF6,mol/l,v,0.5,0.5,0.0,0.0,0.0,0.0,0,0,0,0.0,0.0,0.0,0.0,0.0,0.0,0.0,0.0,0.0,0.0,0.0,0.0,0.0,0.0,0.0,0,0.0,0.0,0,0.0,0.0,0.0,0.0,0.0,0.0,0.0,0,0.0,0.0
13002,10.1016/0378-7753(91)80004-H,2.78,273.15,1.0,LiAsF6,mol/l,v,0.15,0.85,0.0,0.0,0.0,0.0,0,0,0,0.0,0.0,0.0,0.0,0.0,0.0,0.0,0.0,0.0,0.0,0.0,0.0,0.0,0.0,0.0,0,0.0,0.0,0,0.0,0.0,0.0,0.0,0.0,0.0,0.0,0,0.0,0.0
13003,10.1016/0378-7753(91)80004-H,3.04,273.15,1.0,LiAsF6,mol/l,v,0.5,0.5,0.0,0.0,0.0,0.0,0,0,0,0.0,0.0,0.0,0.0,0.0,0.0,0.0,0.0,0.0,0.0,0.0,0.0,0.0,0.0,0.0,0,0.0,0.0,0,0.0,0.0,0.0,0.0,0.0,0.0,0.0,0,0.0,0.0
13004,10.1016/0378-7753(91)80004-H,3.45,273.15,1.0,LiAsF6,mol/l,v,0.7,0.3,0.0,0.0,0.0,0.0,0,0,0,0.0,0.0,0.0,0.0,0.0,0.0,0.0,0.0,0.0,0.0,0.0,0.0,0.0,0.0,0.0,0,0.0,0.0,0,0.0,0.0,0.0,0.0,0.0,0.0,0.0,0,0.0,0.0
13005,10.1016/0378-7753(91)80004-H,1.5,273.15,1.5,LiAsF6,mol/l,v,0.15,0.85,0.0,0.0,0.0,0.0,0,0,0,0.0,0.0,0.0,0.0,0.0,0.0,0.0,0.0,0.0,0.0,0.0,0.0,0.0,0.0,0.0,0,0.0,0.0,0,0.0,0.0,0.0,0.0,0.0,0.0,0.0,0,0.0,0.0
13006,10.1016/0378-7753(91)80004-H,1.65,273.15,1.5,LiAsF6,mol/l,v,0.5,0.5,0.0,0.0,0.0,0.0,0,0,0,0.0,0.0,0.0,0.0,0.0,0.0,0.0,0.0,0.0,0.0,0.0,0.0,0.0,0.0,0.0,0,0.0,0.0,0,0.0,0.0,0.0,0.0,0.0,0.0,0.0,0,0.0,0.0
13007,10.1016/0378-7753(91)80004-H,0.51,273.15,2.0,LiAsF6,mol/l,v,0.15,0.85,0.0,0.0,0.0,0.0,0,0,0,0.0,0.0,0.0,0.0,0.0,0.0,0.0,0.0,0.0,0.0,0.0,0.0,0.0,0.0,0.0,0,0.0,0.0,0,0.0,0.0,0.0,0.0,0.0,0.0,0.0,0,0.0,0.0
13008,10.1016/0378-7753(91)80004-H,0.58,273.15,2.0,LiAsF6,mol/l,v,0.5,0.5,0.0,0.0,0.0,0.0,0,0,0,0.0,0.0,0.0,0.0,0.0,0.0,0.0,0.0,0.0,0.0,0.0,0.0,0.0,0.0,0.0,0,0.0,0.0,0,0.0,0.0,0.0,0.0,0.0,0.0,0.0,0,0.0,0.0
13009,10.1016/0378-7753(91)80004-H,0.15,273.15,3.0,LiAsF6,mol/l,v,0.5,0.5,0.0,0.0,0.0,0.0,0,0,0,0.0,0.0,0.0,0.0,0.0,0.0,0.0,0.0,0.0,0.0,0.0,0.0,0.0,0.0,0.0,0,0.0,0.0,0,0.0,0.0,0.0,0.0,0.0,0.0,0.0,0,0.0,0.0
13024,10.1016/0378-7753(91)80004-H,6.97,293.15,1.0,LiAsF6,mol/l,v,1.0,0.0,0.0,0.0,0.0,0.0,0,0,0,0.0,0.0,0.0,0.0,0.0,0.0,0.0,0.0,0.0,0.0,0.0,0.0,0.0,0.0,0.0,0,0.0,0.0,0,0.0,0.0,0.0,0.0,0.0,0.0,0.0,0,0.0,0.0
13032,10.1016/0378-7753(91)80004-H,5.0,293.15,0.5,LiAsF6,mol/l,v,0.15,0.85,0.0,0.0,0.0,0.0,0,0,0,0.0,0.0,0.0,0.0,0.0,0.0,0.0,0.0,0.0,0.0,0.0,0.0,0.0,0.0,0.0,0,0.0,0.0,0,0.0,0.0,0.0,0.0,0.0,0.0,0.0,0,0.0,0.0
13033,10.1016/0378-7753(91)80004-H,5.53,293.15,0.5,LiAsF6,mol/l,v,0.5,0.5,0.0,0.0,0.0,0.0,0,0,0,0.0,0.0,0.0,0.0,0.0,0.0,0.0,0.0,0.0,0.0,0.0,0.0,0.0,0.0,0.0,0,0.0,0.0,0,0.0,0.0,0.0,0.0,0.0,0.0,0.0,0,0.0,0.0
13034,10.1016/0378-7753(91)80004-H,5.47,293.15,1.0,LiAsF6,mol/l,v,0.15,0.85,0.0,0.0,0.0,0.0,0,0,0,0.0,0.0,0.0,0.0,0.0,0.0,0.0,0.0,0.0,0.0,0.0,0.0,0.0,0.0,0.0,0,0.0,0.0,0,0.0,0.0,0.0,0.0,0.0,0.0,0.0,0,0.0,0.0
13035,10.1016/0378-7753(91)80004-H,5.94,293.15,1.0,LiAsF6,mol/l,v,0.5,0.5,0.0,0.0,0.0,0.0,0,0,0,0.0,0.0,0.0,0.0,0.0,0.0,0.0,0.0,0.0,0.0,0.0,0.0,0.0,0.0,0.0,0,0.0,0.0,0,0.0,0.0,0.0,0.0,0.0,0.0,0.0,0,0.0,0.0
13036,10.1016/0378-7753(91)80004-H,6.49,293.15,1.0,LiAsF6,mol/l,v,0.7,0.3,0.0,0.0,0.0,0.0,0,0,0,0.0,0.0,0.0,0.0,0.0,0.0,0.0,0.0,0.0,0.0,0.0,0.0,0.0,0.0,0.0,0,0.0,0.0,0,0.0,0.0,0.0,0.0,0.0,0.0,0.0,0,0.0,0.0
13037,10.1016/0378-7753(91)80004-H,3.73,293.15,1.5,LiAsF6,mol/l,v,0.15,0.85,0.0,0.0,0.0,0.0,0,0,0,0.0,0.0,0.0,0.0,0.0,0.0,0.0,0.0,0.0,0.0,0.0,0.0,0.0,0.0,0.0,0,0.0,0.0,0,0.0,0.0,0.0,0.0,0.0,0.0,0.0,0,0.0,0.0
13038,10.1016/0378-7753(91)80004-H,4.12,293.15,1.5,LiAsF6,mol/l,v,0.5,0.5,0.0,0.0,0.0,0.0,0,0,0,0.0,0.0,0.0,0.0,0.0,0.0,0.0,0.0,0.0,0.0,0.0,0.0,0.0,0.0,0.0,0,0.0,0.0,0,0.0,0.0,0.0,0.0,0.0,0.0,0.0,0,0.0,0.0
13039,10.1016/0378-7753(91)80004-H,1.8,293.15,2.0,LiAsF6,mol/l,v,0.15,0.85,0.0,0.0,0.0,0.0,0,0,0,0.0,0.0,0.0,0.0,0.0,0.0,0.0,0.0,0.0,0.0,0.0,0.0,0.0,0.0,0.0,0,0.0,0.0,0,0.0,0.0,0.0,0.0,0.0,0.0,0.0,0,0.0,0.0
13040,10.1016/0378-7753(91)80004-H,1.97,293.15,2.0,LiAsF6,mol/l,v,0.5,0.5,0.0,0.0,0.0,0.0,0,0,0,0.0,0.0,0.0,0.0,0.0,0.0,0.0,0.0,0.0,0.0,0.0,0.0,0.0,0.0,0.0,0,0.0,0.0,0,0.0,0.0,0.0,0.0,0.0,0.0,0.0,0,0.0,0.0
13041,10.1016/0378-7753(91)80004-H,0.96,293.15,3.0,LiAsF6,mol/l,v,0.5,0.5,0.0,0.0,0.0,0.0,0,0,0,0.0,0.0,0.0,0.0,0.0,0.0,0.0,0.0,0.0,0.0,0.0,0.0,0.0,0.0,0.0,0,0.0,0.0,0,0.0,0.0,0.0,0.0,0.0,0.0,0.0,0,0.0,0.0
13056,10.1016/0378-7753(91)80004-H,11.0,313.15,1.0,LiAsF6,mol/l,v,1.0,0.0,0.0,0.0,0.0,0.0,0,0,0,0.0,0.0,0.0,0.0,0.0,0.0,0.0,0.0,0.0,0.0,0.0,0.0,0.0,0.0,0.0,0,0.0,0.0,0,0.0,0.0,0.0,0.0,0.0,0.0,0.0,0,0.0,0.0
13064,10.1016/0378-7753(91)80004-H,7.5,313.15,0.5,LiAsF6,mol/l,v,0.15,0.85,0.0,0.0,0.0,0.0,0,0,0,0.0,0.0,0.0,0.0,0.0,0.0,0.0,0.0,0.0,0.0,0.0,0.0,0.0,0.0,0.0,0,0.0,0.0,0,0.0,0.0,0.0,0.0,0.0,0.0,0.0,0,0.0,0.0
13065,10.1016/0378-7753(91)80004-H,8.24,313.15,0.5,LiAsF6,mol/l,v,0.5,0.5,0.0,0.0,0.0,0.0,0,0,0,0.0,0.0,0.0,0.0,0.0,0.0,0.0,0.0,0.0,0.0,0.0,0.0,0.0,0.0,0.0,0,0.0,0.0,0,0.0,0.0,0.0,0.0,0.0,0.0,0.0,0,0.0,0.0
13066,10.1016/0378-7753(91)80004-H,8.82,313.15,1.0,LiAsF6,mol/l,v,0.15,0.85,0.0,0.0,0.0,0.0,0,0,0,0.0,0.0,0.0,0.0,0.0,0.0,0.0,0.0,0.0,0.0,0.0,0.0,0.0,0.0,0.0,0,0.0,0.0,0,0.0,0.0,0.0,0.0,0.0,0.0,0.0,0,0.0,0.0
13067,10.1016/0378-7753(91)80004-H,9.55,313.15,1.0,LiAsF6,mol/l,v,0.5,0.5,0.0,0.0,0.0,0.0,0,0,0,0.0,0.0,0.0,0.0,0.0,0.0,0.0,0.0,0.0,0.0,0.0,0.0,0.0,0.0,0.0,0,0.0,0.0,0,0.0,0.0,0.0,0.0,0.0,0.0,0.0,0,0.0,0.0
13068,10.1016/0378-7753(91)80004-H,10.23,313.15,1.0,LiAsF6,mol/l,v,0.7,0.3,0.0,0.0,0.0,0.0,0,0,0,0.0,0.0,0.0,0.0,0.0,0.0,0.0,0.0,0.0,0.0,0.0,0.0,0.0,0.0,0.0,0,0.0,0.0,0,0.0,0.0,0.0,0.0,0.0,0.0,0.0,0,0.0,0.0
13069,10.1016/0378-7753(91)80004-H,6.95,313.15,1.5,LiAsF6,mol/l,v,0.15,0.85,0.0,0.0,0.0,0.0,0,0,0,0.0,0.0,0.0,0.0,0.0,0.0,0.0,0.0,0.0,0.0,0.0,0.0,0.0,0.0,0.0,0,0.0,0.0,0,0.0,0.0,0.0,0.0,0.0,0.0,0.0,0,0.0,0.0
13070,10.1016/0378-7753(91)80004-H,7.64,313.15,1.5,LiAsF6,mol/l,v,0.5,0.5,0.0,0.0,0.0,0.0,0,0,0,0.0,0.0,0.0,0.0,0.0,0.0,0.0,0.0,0.0,0.0,0.0,0.0,0.0,0.0,0.0,0,0.0,0.0,0,0.0,0.0,0.0,0.0,0.0,0.0,0.0,0,0.0,0.0
13071,10.1016/0378-7753(91)80004-H,4.22,313.15,2.0,LiAsF6,mol/l,v,0.15,0.85,0.0,0.0,0.0,0.0,0,0,0,0.0,0.0,0.0,0.0,0.0,0.0,0.0,0.0,0.0,0.0,0.0,0.0,0.0,0.0,0.0,0,0.0,0.0,0,0.0,0.0,0.0,0.0,0.0,0.0,0.0,0,0.0,0.0
13072,10.1016/0378-7753(91)80004-H,4.93,313.15,2.0,LiAsF6,mol/l,v,0.5,0.5,0.0,0.0,0.0,0.0,0,0,0,0.0,0.0,0.0,0.0,0.0,0.0,0.0,0.0,0.0,0.0,0.0,0.0,0.0,0.0,0.0,0,0.0,0.0,0,0.0,0.0,0.0,0.0,0.0,0.0,0.0,0,0.0,0.0
13073,10.1016/0378-7753(91)80004-H,2.99,313.15,3.0,LiAsF6,mol/l,v,0.5,0.5,0.0,0.0,0.0,0.0,0,0,0,0.0,0.0,0.0,0.0,0.0,0.0,0.0,0.0,0.0,0.0,0.0,0.0,0.0,0.0,0.0,0,0.0,0.0,0,0.0,0.0,0.0,0.0,0.0,0.0,0.0,0,0.0,0.0
13088,10.1016/0378-7753(91)80004-H,15.72,333.15,1.0,LiAsF6,mol/l,v,1.0,0.0,0.0,0.0,0.0,0.0,0,0,0,0.0,0.0,0.0,0.0,0.0,0.0,0.0,0.0,0.0,0.0,0.0,0.0,0.0,0.0,0.0,0,0.0,0.0,0,0.0,0.0,0.0,0.0,0.0,0.0,0.0,0,0.0,0.0
13096,10.1016/0378-7753(91)80004-H,10.38,333.15,0.5,LiAsF6,mol/l,v,0.15,0.85,0.0,0.0,0.0,0.0,0,0,0,0.0,0.0,0.0,0.0,0.0,0.0,0.0,0.0,0.0,0.0,0.0,0.0,0.0,0.0,0.0,0,0.0,0.0,0,0.0,0.0,0.0,0.0,0.0,0.0,0.0,0,0.0,0.0
13097,10.1016/0378-7753(91)80004-H,11.28,333.15,0.5,LiAsF6,mol/l,v,0.5,0.5,0.0,0.0,0.0,0.0,0,0,0,0.0,0.0,0.0,0.0,0.0,0.0,0.0,0.0,0.0,0.0,0.0,0.0,0.0,0.0,0.0,0,0.0,0.0,0,0.0,0.0,0.0,0.0,0.0,0.0,0.0,0,0.0,0.0
13098,10.1016/0378-7753(91)80004-H,12.73,333.15,1.0,LiAsF6,mol/l,v,0.15,0.85,0.0,0.0,0.0,0.0,0,0,0,0.0,0.0,0.0,0.0,0.0,0.0,0.0,0.0,0.0,0.0,0.0,0.0,0.0,0.0,0.0,0,0.0,0.0,0,0.0,0.0,0.0,0.0,0.0,0.0,0.0,0,0.0,0.0
13099,10.1016/0378-7753(91)80004-H,13.86,333.15,1.0,LiAsF6,mol/l,v,0.5,0.5,0.0,0.0,0.0,0.0,0,0,0,0.0,0.0,0.0,0.0,0.0,0.0,0.0,0.0,0.0,0.0,0.0,0.0,0.0,0.0,0.0,0,0.0,0.0,0,0.0,0.0,0.0,0.0,0.0,0.0,0.0,0,0.0,0.0
13100,10.1016/0378-7753(91)80004-H,14.43,333.15,1.0,LiAsF6,mol/l,v,0.7,0.3,0.0,0.0,0.0,0.0,0,0,0,0.0,0.0,0.0,0.0,0.0,0.0,0.0,0.0,0.0,0.0,0.0,0.0,0.0,0.0,0.0,0,0.0,0.0,0,0.0,0.0,0.0,0.0,0.0,0.0,0.0,0,0.0,0.0
13101,10.1016/0378-7753(91)80004-H,11.05,333.15,1.5,LiAsF6,mol/l,v,0.15,0.85,0.0,0.0,0.0,0.0,0,0,0,0.0,0.0,0.0,0.0,0.0,0.0,0.0,0.0,0.0,0.0,0.0,0.0,0.0,0.0,0.0,0,0.0,0.0,0,0.0,0.0,0.0,0.0,0.0,0.0,0.0,0,0.0,0.0
13102,10.1016/0378-7753(91)80004-H,12.2,333.15,1.5,LiAsF6,mol/l,v,0.5,0.5,0.0,0.0,0.0,0.0,0,0,0,0.0,0.0,0.0,0.0,0.0,0.0,0.0,0.0,0.0,0.0,0.0,0.0,0.0,0.0,0.0,0,0.0,0.0,0,0.0,0.0,0.0,0.0,0.0,0.0,0.0,0,0.0,0.0
13103,10.1016/0378-7753(91)80004-H,7.78,333.15,2.0,LiAsF6,mol/l,v,0.15,0.85,0.0,0.0,0.0,0.0,0,0,0,0.0,0.0,0.0,0.0,0.0,0.0,0.0,0.0,0.0,0.0,0.0,0.0,0.0,0.0,0.0,0,0.0,0.0,0,0.0,0.0,0.0,0.0,0.0,0.0,0.0,0,0.0,0.0
13104,10.1016/0378-7753(91)80004-H,8.91,333.15,2.0,LiAsF6,mol/l,v,0.5,0.5,0.0,0.0,0.0,0.0,0,0,0,0.0,0.0,0.0,0.0,0.0,0.0,0.0,0.0,0.0,0.0,0.0,0.0,0.0,0.0,0.0,0,0.0,0.0,0,0.0,0.0,0.0,0.0,0.0,0.0,0.0,0,0.0,0.0
13105,10.1016/0378-7753(91)80004-H,6.5,333.15,3.0,LiAsF6,mol/l,v,0.5,0.5,0.0,0.0,0.0,0.0,0,0,0,0.0,0.0,0.0,0.0,0.0,0.0,0.0,0.0,0.0,0.0,0.0,0.0,0.0,0.0,0.0,0,0.0,0.0,0,0.0,0.0,0.0,0.0,0.0,0.0,0.0,0,0.0,0.0
13120,10.1016/0378-7753(91)80004-H,20.07,353.15,1.0,LiAsF6,mol/l,v,1.0,0.0,0.0,0.0,0.0,0.0,0,0,0,0.0,0.0,0.0,0.0,0.0,0.0,0.0,0.0,0.0,0.0,0.0,0.0,0.0,0.0,0.0,0,0.0,0.0,0,0.0,0.0,0.0,0.0,0.0,0.0,0.0,0,0.0,0.0
13128,10.1016/0378-7753(91)80004-H,13.38,353.15,0.5,LiAsF6,mol/l,v,0.15,0.85,0.0,0.0,0.0,0.0,0,0,0,0.0,0.0,0.0,0.0,0.0,0.0,0.0,0.0,0.0,0.0,0.0,0.0,0.0,0.0,0.0,0,0.0,0.0,0,0.0,0.0,0.0,0.0,0.0,0.0,0.0,0,0.0,0.0
13129,10.1016/0378-7753(91)80004-H,14.52,353.15,0.5,LiAsF6,mol/l,v,0.5,0.5,0.0,0.0,0.0,0.0,0,0,0,0.0,0.0,0.0,0.0,0.0,0.0,0.0,0.0,0.0,0.0,0.0,0.0,0.0,0.0,0.0,0,0.0,0.0,0,0.0,0.0,0.0,0.0,0.0,0.0,0.0,0,0.0,0.0
13130,10.1016/0378-7753(91)80004-H,16.97,353.15,1.0,LiAsF6,mol/l,v,0.15,0.85,0.0,0.0,0.0,0.0,0,0,0,0.0,0.0,0.0,0.0,0.0,0.0,0.0,0.0,0.0,0.0,0.0,0.0,0.0,0.0,0.0,0,0.0,0.0,0,0.0,0.0,0.0,0.0,0.0,0.0,0.0,0,0.0,0.0
13131,10.1016/0378-7753(91)80004-H,18.49,353.15,1.0,LiAsF6,mol/l,v,0.5,0.5,0.0,0.0,0.0,0.0,0,0,0,0.0,0.0,0.0,0.0,0.0,0.0,0.0,0.0,0.0,0.0,0.0,0.0,0.0,0.0,0.0,0,0.0,0.0,0,0.0,0.0,0.0,0.0,0.0,0.0,0.0,0,0.0,0.0
13132,10.1016/0378-7753(91)80004-H,18.94,353.15,1.0,LiAsF6,mol/l,v,0.7,0.3,0.0,0.0,0.0,0.0,0,0,0,0.0,0.0,0.0,0.0,0.0,0.0,0.0,0.0,0.0,0.0,0.0,0.0,0.0,0.0,0.0,0,0.0,0.0,0,0.0,0.0,0.0,0.0,0.0,0.0,0.0,0,0.0,0.0
13133,10.1016/0378-7753(91)80004-H,15.82,353.15,1.5,LiAsF6,mol/l,v,0.15,0.85,0.0,0.0,0.0,0.0,0,0,0,0.0,0.0,0.0,0.0,0.0,0.0,0.0,0.0,0.0,0.0,0.0,0.0,0.0,0.0,0.0,0,0.0,0.0,0,0.0,0.0,0.0,0.0,0.0,0.0,0.0,0,0.0,0.0
13134,10.1016/0378-7753(91)80004-H,17.34,353.15,1.5,LiAsF6,mol/l,v,0.5,0.5,0.0,0.0,0.0,0.0,0,0,0,0.0,0.0,0.0,0.0,0.0,0.0,0.0,0.0,0.0,0.0,0.0,0.0,0.0,0.0,0.0,0,0.0,0.0,0,0.0,0.0,0.0,0.0,0.0,0.0,0.0,0,0.0,0.0
13135,10.1016/0378-7753(91)80004-H,12.23,353.15,2.0,LiAsF6,mol/l,v,0.15,0.85,0.0,0.0,0.0,0.0,0,0,0,0.0,0.0,0.0,0.0,0.0,0.0,0.0,0.0,0.0,0.0,0.0,0.0,0.0,0.0,0.0,0,0.0,0.0,0,0.0,0.0,0.0,0.0,0.0,0.0,0.0,0,0.0,0.0
13136,10.1016/0378-7753(91)80004-H,13.9,353.15,2.0,LiAsF6,mol/l,v,0.5,0.5,0.0,0.0,0.0,0.0,0,0,0,0.0,0.0,0.0,0.0,0.0,0.0,0.0,0.0,0.0,0.0,0.0,0.0,0.0,0.0,0.0,0,0.0,0.0,0,0.0,0.0,0.0,0.0,0.0,0.0,0.0,0,0.0,0.0
13137,10.1016/0378-7753(91)80004-H,11.23,353.15,3.0,LiAsF6,mol/l,v,0.5,0.5,0.0,0.0,0.0,0.0,0,0,0,0.0,0.0,0.0,0.0,0.0,0.0,0.0,0.0,0.0,0.0,0.0,0.0,0.0,0.0,0.0,0,0.0,0.0,0,0.0,0.0,0.0,0.0,0.0,0.0,0.0,0,0.0,0.0
13164,10.1016/0378-7753(91)80004-H,0.01,213.15,1.0,LiAsF6,mol/l,v,0.0,1.0,0.0,0.0,0.0,0.0,0,0,0,0.0,0.0,0.0,0.0,0.0,0.0,0.0,0.0,0.0,0.0,0.0,0.0,0.0,0.0,0.0,0,0.0,0.0,0,0.0,0.0,0.0,0.0,0.0,0.0,0.0,0,0.0,0.0
13187,10.1016/0378-7753(91)80004-H,0.06,223.15,1.0,LiAsF6,mol/l,v,0.0,1.0,0.0,0.0,0.0,0.0,0,0,0,0.0,0.0,0.0,0.0,0.0,0.0,0.0,0.0,0.0,0.0,0.0,0.0,0.0,0.0,0.0,0,0.0,0.0,0,0.0,0.0,0.0,0.0,0.0,0.0,0.0,0,0.0,0.0
13210,10.1016/0378-7753(91)80004-H,0.22,233.15,1.0,LiAsF6,mol/l,v,0.0,1.0,0.0,0.0,0.0,0.0,0,0,0,0.0,0.0,0.0,0.0,0.0,0.0,0.0,0.0,0.0,0.0,0.0,0.0,0.0,0.0,0.0,0,0.0,0.0,0,0.0,0.0,0.0,0.0,0.0,0.0,0.0,0,0.0,0.0
13232,10.1016/0378-7753(91)80004-H,0.65,243.15,0.2,LiAsF6,mol/l,v,0.0,1.0,0.0,0.0,0.0,0.0,0,0,0,0.0,0.0,0.0,0.0,0.0,0.0,0.0,0.0,0.0,0.0,0.0,0.0,0.0,0.0,0.0,0,0.0,0.0,0,0.0,0.0,0.0,0.0,0.0,0.0,0.0,0,0.0,0.0
13233,10.1016/0378-7753(91)80004-H,0.51,243.15,1.0,LiAsF6,mol/l,v,0.0,1.0,0.0,0.0,0.0,0.0,0,0,0,0.0,0.0,0.0,0.0,0.0,0.0,0.0,0.0,0.0,0.0,0.0,0.0,0.0,0.0,0.0,0,0.0,0.0,0,0.0,0.0,0.0,0.0,0.0,0.0,0.0,0,0.0,0.0
13255,10.1016/0378-7753(91)80004-H,0.93,253.15,0.2,LiAsF6,mol/l,v,0.0,1.0,0.0,0.0,0.0,0.0,0,0,0,0.0,0.0,0.0,0.0,0.0,0.0,0.0,0.0,0.0,0.0,0.0,0.0,0.0,0.0,0.0,0,0.0,0.0,0,0.0,0.0,0.0,0.0,0.0,0.0,0.0,0,0.0,0.0
13256,10.1016/0378-7753(91)80004-H,1.02,253.15,1.0,LiAsF6,mol/l,v,0.0,1.0,0.0,0.0,0.0,0.0,0,0,0,0.0,0.0,0.0,0.0,0.0,0.0,0.0,0.0,0.0,0.0,0.0,0.0,0.0,0.0,0.0,0,0.0,0.0,0,0.0,0.0,0.0,0.0,0.0,0.0,0.0,0,0.0,0.0
13278,10.1016/0378-7753(91)80004-H,1.33,263.15,0.2,LiAsF6,mol/l,v,0.0,1.0,0.0,0.0,0.0,0.0,0,0,0,0.0,0.0,0.0,0.0,0.0,0.0,0.0,0.0,0.0,0.0,0.0,0.0,0.0,0.0,0.0,0,0.0,0.0,0,0.0,0.0,0.0,0.0,0.0,0.0,0.0,0,0.0,0.0
13279,10.1016/0378-7753(91)80004-H,1.74,263.15,1.0,LiAsF6,mol/l,v,0.0,1.0,0.0,0.0,0.0,0.0,0,0,0,0.0,0.0,0.0,0.0,0.0,0.0,0.0,0.0,0.0,0.0,0.0,0.0,0.0,0.0,0.0,0,0.0,0.0,0,0.0,0.0,0.0,0.0,0.0,0.0,0.0,0,0.0,0.0
13301,10.1016/0378-7753(91)80004-H,1.8,273.15,0.2,LiAsF6,mol/l,v,0.0,1.0,0.0,0.0,0.0,0.0,0,0,0,0.0,0.0,0.0,0.0,0.0,0.0,0.0,0.0,0.0,0.0,0.0,0.0,0.0,0.0,0.0,0,0.0,0.0,0,0.0,0.0,0.0,0.0,0.0,0.0,0.0,0,0.0,0.0
13302,10.1016/0378-7753(91)80004-H,2.68,273.15,1.0,LiAsF6,mol/l,v,0.0,1.0,0.0,0.0,0.0,0.0,0,0,0,0.0,0.0,0.0,0.0,0.0,0.0,0.0,0.0,0.0,0.0,0.0,0.0,0.0,0.0,0.0,0,0.0,0.0,0,0.0,0.0,0.0,0.0,0.0,0.0,0.0,0,0.0,0.0
13324,10.1016/0378-7753(91)80004-H,2.93,293.15,0.2,LiAsF6,mol/l,v,0.0,1.0,0.0,0.0,0.0,0.0,0,0,0,0.0,0.0,0.0,0.0,0.0,0.0,0.0,0.0,0.0,0.0,0.0,0.0,0.0,0.0,0.0,0,0.0,0.0,0,0.0,0.0,0.0,0.0,0.0,0.0,0.0,0,0.0,0.0
13325,10.1016/0378-7753(91)80004-H,5.28,293.15,1.0,LiAsF6,mol/l,v,0.0,1.0,0.0,0.0,0.0,0.0,0,0,0,0.0,0.0,0.0,0.0,0.0,0.0,0.0,0.0,0.0,0.0,0.0,0.0,0.0,0.0,0.0,0,0.0,0.0,0,0.0,0.0,0.0,0.0,0.0,0.0,0.0,0,0.0,0.0
13347,10.1016/0378-7753(91)80004-H,4.26,313.15,0.2,LiAsF6,mol/l,v,0.0,1.0,0.0,0.0,0.0,0.0,0,0,0,0.0,0.0,0.0,0.0,0.0,0.0,0.0,0.0,0.0,0.0,0.0,0.0,0.0,0.0,0.0,0,0.0,0.0,0,0.0,0.0,0.0,0.0,0.0,0.0,0.0,0,0.0,0.0
13348,10.1016/0378-7753(91)80004-H,8.47,313.15,1.0,LiAsF6,mol/l,v,0.0,1.0,0.0,0.0,0.0,0.0,0,0,0,0.0,0.0,0.0,0.0,0.0,0.0,0.0,0.0,0.0,0.0,0.0,0.0,0.0,0.0,0.0,0,0.0,0.0,0,0.0,0.0,0.0,0.0,0.0,0.0,0.0,0,0.0,0.0
13370,10.1016/0378-7753(91)80004-H,5.69,333.15,0.2,LiAsF6,mol/l,v,0.0,1.0,0.0,0.0,0.0,0.0,0,0,0,0.0,0.0,0.0,0.0,0.0,0.0,0.0,0.0,0.0,0.0,0.0,0.0,0.0,0.0,0.0,0,0.0,0.0,0,0.0,0.0,0.0,0.0,0.0,0.0,0.0,0,0.0,0.0
13371,10.1016/0378-7753(91)80004-H,12.3,333.15,1.0,LiAsF6,mol/l,v,0.0,1.0,0.0,0.0,0.0,0.0,0,0,0,0.0,0.0,0.0,0.0,0.0,0.0,0.0,0.0,0.0,0.0,0.0,0.0,0.0,0.0,0.0,0,0.0,0.0,0,0.0,0.0,0.0,0.0,0.0,0.0,0.0,0,0.0,0.0
13393,10.1016/0378-7753(91)80004-H,7.21,353.15,0.2,LiAsF6,mol/l,v,0.0,1.0,0.0,0.0,0.0,0.0,0,0,0,0.0,0.0,0.0,0.0,0.0,0.0,0.0,0.0,0.0,0.0,0.0,0.0,0.0,0.0,0.0,0,0.0,0.0,0,0.0,0.0,0.0,0.0,0.0,0.0,0.0,0,0.0,0.0
13394,10.1016/0378-7753(91)80004-H,16.56,353.15,1.0,LiAsF6,mol/l,v,0.0,1.0,0.0,0.0,0.0,0.0,0,0,0,0.0,0.0,0.0,0.0,0.0,0.0,0.0,0.0,0.0,0.0,0.0,0.0,0.0,0.0,0.0,0,0.0,0.0,0,0.0,0.0,0.0,0.0,0.0,0.0,0.0,0,0.0,0.0
